project_id,directory_name
antlr4-java,antlr4
apache-commons,commons-compress
apache-commons-codec,commons-codec
apache-commons-configuration,commons-configuration
apache-commons-imaging,commons-imaging
apache-commons-io,commons-io
apache-commons-jxpath,commons-jxpath
apache-commons-lang,commons-lang
apache-httpd,AFLplusplus
apache-httpd,httpd
apache-poi,poi
arduinojson,ArduinoJson
arrow,arrow
arrow-java,arrow
aspell,aspell
assimp,assimp
astc-encoder,astc-encoder
augeas,augeas
binutils,binutils-gdb
bitcoin-core,bitcoin
bloaty,bloaty
bluez,bluez
boost,boost
boringssl,boringssl
botan,botan
c-ares,c-ares
c-blosc,c-blosc
c-blosc2,c-blosc2
cairo,cairo
capstone,capstone
checker-framework,checker-framework
checkstyle,checkstyle
clamav,clamav-fuzz-corpus
clamav,clamav-devel
clamav,clamav
cpython3,cpython
cras,adhd
croaring,CRoaring
cryptofuzz,cryptofuzz
cryptsetup,cryptsetup
cups,cups
curl,curl
cyclonedds,cyclonedds
dav1d,dav1d
dlplibs,libabw
dnsmasq,dnsmasq
docker-client,docker-client
dovecot,core
draco,draco
duckdb,duckdb
edk2,edk2
envoy,envoy
espeak-ng,espeak-ng
exiv2,exiv2
faad2,faad2
fastjson2,fastjson
fastjson2,fastjson2
feign,feign
file,file
firestore,firebase-ios-sdk
flac,flac
flatbuffers,flatbuffers
flex,flex
fluent-bit,
fmt,fmt
freeradius,freeradius-server
freerdp,FreeRDP
freetype2,freetype2-testing
frr,frr
fwupd,fwupd
gdal,gdal
geos,geos
gfwx,gfwx-fuzzers
ghostscript,ghostpdl
glaze,glaze
glib,glib
glog,glog
glslang,glslang
gnupg,gnupg
gnutls,gnutls
gpac,gpac
gpsd,gpsd
graphql-java,graphql-java
grok,grok
grpc,grpc
grpc-swift,grpc-swift
gson,gson
gstreamer,gstreamer
guice,guice
h2o,h2o
h3,h3
hamcrest,JavaHamcrest
haproxy,haproxy
harfbuzz,harfbuzz
hdf5,hdf5
hermes,hermes
hoextdown,hoextdown
hostap,hostap
htmlunit,htmlunit
htslib,htslib
hunspell,hunspell
icu,icu
igraph,igraph
immer,immer
irssi,irssi
jackson-core,jackson-core
jackson-databind,jackson-databind
jackson-dataformats-binary,jackson-dataformats-binary
jackson-dataformats-text,jackson-dataformats-text
jackson-modules-java8,jackson-modules-java8
janino,janino
janus-gateway,janus-gateway
javaparser,javaparser
jbig2dec,jbig2dec
jdom,jdom
jflex,jflex
joni,joni
jq,jq
jsign,jsign
json,json
json-c,json-c
jsoncons,jsoncons
jsoncpp,jsoncpp
jsonnet,jsonnet
jsoup,
kamailio,kamailio
karchive,karchive
kcodecs,kcodecs
keycloak,keycloak
keystone,keystone
kimageformats,kimageformats
krb5,krb5
kryo,kryo
lcms,Little-CMS
leptonica,leptonica
libaom,aom
libarchive,libarchive
libass,libass
libavc,libavc
libavif,libavif
libbpf,libbpf
libcbor,libcbor
libcoap,libcoap
libdwarf,libdwarf-code
libecc,libecc
libexif,libexif
libfmt,fmt
libgit2,libgit2
libheif,libheif
libhevc,libhevc
libhtp,libhtp
libical,libical
libidn2,libidn2
libigl,libigl
libjpeg-turbo,libjpeg-turbo
libjxl,libjxl
liblouis,liblouis
libmpeg2,libmpeg2
libpcap,libpcap
libphonenumber,libphonenumber
libplist,libplist
libpng,libpng
libpsl,libpsl
libraw,libraw
librawspeed,rawspeed
libredwg,libredwg
libressl,portable
librsvg,librsvg
libsass,libsass
libspdm,libspdm
libspectre,libspectre
libspng,libspng
libsrtp,libsrtp
libssh,libssh
libssh2,libssh2
libtiff,libtiff
libtpms,libtpms
libtsm,libtsm
libucl,libucl
libultrahdr,libultrahdr
libvips,libvips
libvpx,libvpx
libwebp,libwebp
libxaac,libxaac
libxls,libxls
libxml2,libxml2
libxslt,libxslt
libyal,libfplist
libyaml,libyaml
libzip,libzip
libzmq,libzmq
llamacpp,llama.cpp
lua,lua
lucene,lucene
lwan,lwan
lxc,lxc
lz4,lz4
mapserver,MapServer
matio,matio
mbedtls,mbedtls
md4c,md4c
mdbtools,mdbtools
miniz,miniz
mongoose,mongoose
mosquitto,mosquitto
mrab-regex,mrab-regex
mruby,mruby
muparser,muparser
mupdf,mupdf
myanmar-tools,myanmar-tools
mysql-server,mysql-server
nanopb,nanopb
ndpi,nDPI
nestegg,nestegg
net-snmp,net-snmp
net-snmp,code
ninja,ninja
ntopng,ntopng
oatpp,oatpp
oniguruma,oniguruma
open62541,open62541
opencensus-cpp,opencensus-cpp
opencv,opencv
openexr,openexr
openh264,openh264
openjpeg,openjpeg
opensc,OpenSC
opensips,opensips
openssl,openssl
openthread,openthread
openvpn,openvpn
openvswitch,ovs
osquery,osquery
ots,ots
p11-kit,p11-kit
pcapplusplus,PcapPlusPlus
pcl,pcl
pcre2,pcre2
perfetto,
php,php-src
picotls,picotls
pidgin,fuzzing
piex,piex
pillow,Pillow
pistache,pistache
pjsip,pjproject
poco,poco
poppler,poppler
postgis,postgis
powsybl-java,powsybl-core
python3-libraries,cpython
qemu,qemu
qpdf,qpdf
qpid-proton,qpid-proton
qt,qtsvg
qt,qtbase
qt,qt5
quickjs,quickjs
radare2,radare2
rdkit,rdkit
re2,re2
readstat,ReadStat
relic,relic
resiprocate,resiprocate
rnp,rnp
rtpproxy,rtpproxy
ruby,ruby
s2geometry,s2geometry
s2opc,S2OPC
selinux,selinux
serenity,serenity
shaderc,shaderc
sigstore-java,sigstore-java
simdjson,simdjson
simdutf,simdutf
skcms,skcms
skia,skia
sleuthkit,sleuthkit
solidity,solidity
spice-usbredir,usbredir
spirv-tools,SPIRV-Tools
spring-boot,spring-boot
spring-data-keyvalue,spring-data-keyvalue
spring-data-mongodb,spring-data-mongodb
sql-parser,sql-parser
stb,stb
strongswan,strongswan
sudoers,sudo
suricata,suricata
swift-nio,swift-nio
swift-protobuf,swift-protobuf
systemd,systemd
tarantool,tarantool
tcmalloc,tcmalloc
tdengine,TDengine
tensorflow,tensorflow
tesseract-ocr,tesseract
threetenbp,threetenbp
tidy-html5,tidy-html5
tinyusb,tinyusb
tmux,tmux
tomcat,tomcat
tpm2,tpm2
trafficserver,trafficserver
tremor,tremor
ujson,ultrajson
unbound,unbound
unicorn,unicorn
unrar,unrar
upb,upb
upx,upx
usrsctp,usrsctp
util-linux,util-linux
uwebsockets,uWebSockets
vlc,vlc
vulkan-loader,Vulkan-Loader
w3m,w3m
wabt,wabt
wamr,wasm-micro-runtime
wasm3,wasm3
wasmedge,WasmEdge
wasmtime,wasmtime
wavpack,WavPack
wget,wget
wget2,wget2
wireshark,wireshark
wolfmqtt,wolfMQTT
wolfssl,wolfssl
wpantund,wpantund
wuffs,wuffs
xmlpull,xmlpull-api-v1
xmlsec,xmlsec
xpdf,freetype
xs,AFLplusplus
xstream,xstream
yara,yara
zstd,zstd
