project,builds_per_day
osquery,1
teleport,1
gobgp,1
openvswitch,1
netdata,1
apache-commons-beanutils,1
toml_edit,1
assimp,1
zeek,1
sacremoses,1
rapidjson,1
hibernate-orm,1
libsndfile,1
importlib_metadata,1
libxlsxwriter,1
hdrhistogram,1
kafka,1
httplib2,1
hive,1
kyverno,1
opencv,1
nbformat,1
janino,1
zxing,1
pyrsistent,1
markupsafe,1
jackson-dataformats-text,1
junrar,1
libredwg,1
go-json-iterator,1
gateway,1
gpsd,1
flex,1
ipaddress,1
golang,1
libsrtp,1
alembic,1
spring-webflow,1
ffms2,1
s2geometry,1
autoflake,1
dateparser,1
linkerd2-proxy,1
libtheora,1
libheif,1
h11,1
python-graphviz,1
quick-xml,1
networkmanager,1
serde_json,1
unblob,1
g-py-bigquery,1
pistache,1
bad_example,1
libcoap,1
hunspell,1
quic-go,1
json-java,1
opencensus-python,1
nokogiri,1
h5py,1
libhtp,1
unicorn,1
jerryscript,1
ntpsec,1
spring-security,1
openkruise,1
tinysparql,1
krb5,1
proxygen,1
mako,1
argo,1
bitcoin-core,1
cmark,1
inchi,1
mdit-py-plugins,1
rnp,1
antlr4-java,1
filesystem_spec,1
ots,1
go-ethereum,1
cglib,1
univocity-parsers,1
exiv2,1
apache-commons-validator,1
dng_sdk,1
libteken,1
swc,1
libstdcpp,1
filelock,1
itext7,1
gfwx,1
pyasn1,1
oniguruma,1
textdistance,1
catapult,1
http-pattern-matcher,1
monero,1
powerdns,1
tailscale,1
stax,1
clickhouse,1
re2,1
opencensus-go,1
casync,1
libyal,1
opentelemetry,1
vulnerable-project,1
cjson,1
jsign,1
demangle,1
metallb,1
oauthlib,1
stringtemplate4,1
moby,1
expr,1
gss-ntlmssp,1
python-nameparser,1
jsonpath,1
attrs,1
spring-retry,1
cryptography,1
libgd,1
strongswan,1
racket,1
orjson,1
frr,1
openpyxl,1
nom,1
exprtk,1
gitoxide,1
mercurial,1
snappy-java,1
git,1
g-api-resource-manager,1
opendds,1
njs,1
woff2,1
apache-commons-logging,1
pyjwt,1
distlib,1
spotify-json,1
mysql-server,1
slf4j-api,1
bs4,1
eigen,1
zip4j,1
libspng,1
tomcat,1
twelve-monkeys,1
libwebsockets,1
msquic,1
gitea,1
gnutls,1
networkx,1
httparse,1
pdfplumber,1
g-api-python-bigquery-storage,1
spidermonkey-ufi,1
prometheus,1
pillow,1
hsqldb,1
dovecot,1
caddy,1
rust-coreutils,1
wget,1
lua,1
hikaricp,1
leveldb,1
qubes-os,1
opensk,1
yoga,1
dlplibs,1
libxaac,1
blackfriday,1
checker-framework,1
spidermonkey,1
spring-framework,1
javy,1
clamav,1
json-sanitizer,1
samba,1
cpuinfo,1
dnspython,1
babel,1
fuzztest-example,1
rtpproxy,1
xerces,1
urllib3,1
usrsctp,1
clock,1
memcached,1
libmodbus,1
bincode,1
apache-commons-math,1
opt_einsum,1
soupsieve,1
neqo,1
influxdb,1
redis-py,1
libavif,1
pendulum,1
apache-commons-net,1
numactl,1
hpn-ssh,1
h2o,1
liboqs,1
woodstox,1
date,1
ms-tpm-20-ref,1
freeradius,1
gcp-python-cloud-storage,1
dpp,1
ostree,1
vulkan-loader,1
go-dns,1
freetype2,1
tdengine,1
libcups,1
pikepdf,1
libressl,1
genshi,1
flask,1
msgpack-python,1
nestegg,1
zlib,1
cmake,1
kubearmor,1
ossf-scorecard,1
go-cmp,1
jaxb,1
hibernate-validator,1
jline3,1
pycrypto,1
brunsli,1
pyzmq,1
istio,1
calcite-avatica,1
jpegoptim,1
net-snmp,1
civetweb,1
fsnotify,1
guava,1
uwebsockets,4
dropwizard,1
pdfminersix,1
libigl,1
spring-shell,1
hostap,1
python-fastjsonschema,1
dom4j,1
rekor,1
postgis,1
pest,1
decorator,1
cubefs,1
grpc-go,1
yara,1
libphonenumber,1
brpc,1
simdjson,1
libplist,1
jpeg-js,1
swift-protobuf,1
bind9,1
python-lz4,1
libra,1
scikit-learn,1
html2text,1
magic-enum,1
fastify,1
cpython3,1
quantlib,1
libxslt,1
go-yaml,1
zydis,1
archaius-core,1
jflex,1
mvel,1
pdf-js,1
resiprocate,1
fabric,1
kcodecs,1
joni,1
psqlparse,1
mutagen,1
libtasn1,1
hamcrest,1
opensips,1
ntopng,1
brotli-java,1
ujson,1
httpcomponents-client,1
geos,1
file,1
jettison,1
muparser,1
pybind11,1
connectedhomeip,1
xlsxwriter,1
nimbus-jwt,1
unirest-java,1
g-api-py-oauthlib,1
unit,1
gimli,1
apache-commons-lang,1
atomic,1
gnucobol,1
ipython,1
aiohttp,1
mongo-go-driver,1
websocket-client,1
neomutt,1
gosnmp,1
xmldom,1
pycryptodome,1
spirv-cross,1
pacemaker,1
protobuf-java,1
flask-jwt-extended,1
icalendar,1
h3,1
g-api-secret-manager,1
go-ldap,1
gogo-protobuf,1
jstl-api,1
spring-data-jpa,1
oracle-py-cx,1
gitpython,1
javascript-example,1
skcms,1
double-conversion,1
linkerd2,1
open62541,1
aspectj,1
jsemver,1
astroid,1
ndpi,1
numexpr,1
gluon,1
libass,1
libcacard,1
lzo,1
capstone,1
gast,1
vitess,1
libsodium,1
fluent-bit,1
ogre,1
msal,1
pngquant,1
typescript-example,1
spring-ldap,1
closure-compiler,1
loki,1
dill,1
notary,1
sketches-core,1
apache-commons-collections,1
pydantic,1
bearssl,1
go-attestation,1
upx,1
lighttpd,1
apache-commons-fileupload,1
go-ole,1
kryo,1
tesseract-ocr,1
xerces-c,1
multidict,1
ijson,1
qt,1
gonids,1
phmap,1
qcms,1
picotls,1
zopfli,1
presidio,1
utf8proc,1
croniter,1
boost-json,1
servo,1
tpm2,1
javassist,1
xz-java,1
jolt,1
llvm,1
tslib,1
publicsuffix-list,1
simplejson,1
rome,1
libtsm,1
pcre2,1
opusfile,1
fwupd,1
kie-soup,1
perfetto,1
idna,1
ua-parser-js,1
libcbor,1
asn1crypto,1
openssl,1
libcue,1
swift-nio,1
jsmin,1
proto-plus-python,1
mp4san,1
graphql-java,1
sqlparse,1
docker-client,1
opencensus-cpp,1
pytables,1
gopsutil,1
p11-kit,1
http-parser,1
mxj,1
sigstore,1
faad2,1
roughtime,1
md4c,1
miniz_oxide,1
flask-wtf,1
coveragepy,1
muduo,1
roaring-bitmap,1
cryptofuzz,1
libconfig,1
libevent,1
fonttools,1
python-nvd3,1
spirv-tools,1
xvid,1
libunwind,1
wazuh,1
open-json,1
apache-felix-dev,1
gprof2dot,1
libhevc,1
easywsclient,1
lark-parser,1
prost,1
redux,1
fftw3,1
jackson-datatype-joda,1
envoy,1
espeak-ng,1
reload4j,1
rocksdb,1
hwloc,1
crossplane,1
pathlib2,1
libiec61850,1
struts,1
tensorflow-serving,1
nccl,1
uriparser,1
apache-commons-jxpath,1
firestore,1
uritemplate,1
rhai,1
unicode-rs,1
more-itertools,1
kamailio,1
g-api-resumable-media-python,1
pyjson5,1
botan,1
caffeine,1
edk2,1
python-future,1
libbpf,4
libspdm,1
pydateutil,1
libsoup,1
libvips,1
example,1
spdm-rs,1
bleach,1
flask-restx,1
bloaty,1
opencsv,1
rdf4j,1
java-diff-utils,1
libreoffice,2
cosmos-sdk,1
rhino,1
calcite,1
retrofit,1
twitter4j,1
trust-dns,1
pdfbox,1
python-markdownify,1
utf8parse,1
nginx,1
apache-doris,1
sharp,1
typst,1
w3m,1
fmt,1
sigstore-go,1
json2avro,1
apache-commons-io,1
libfdk-aac,1
apache-commons-compress,1
ipfs,1
coturn,1
smart_open,1
libarchive,1
astro-compiler,1
gson,1
arrow-py,1
haproxy,1
yajl-ruby,1
mruby,1
libjxl,1
harfbuzz,1
gdal,1
nfstream,1
wasm3,1
c-blosc,1
poco,1
karchive,1
hiredis-py,1
d3,1
protobuf-js,1
readstat,1
python-tabulate,1
asttokens,1
protobuf-c,1
tokio,1
pyvex,1
opus,1
packaging,1
grpc-gateway,1
libical,1
tmux,1
hoextdown,1
face,1
python-jose,1
aniso8601,1
tink-cc,1
jersey,1
tensorflow-addons,1
undertow,1
jooq,1
wasmer,1
dgraph,1
ada-url,1
itoa,1
open5gs,1
icu,1
jackson-dataformats-binary,1
openh264,1
g-py-crc32c,1
oatpp,1
snort3,1
nats,1
asteval,1
configparser,1
libpcap,1
netty,1
avro,1
digest,1
checkstyle,1
libpng-proto,1
go-sftp,1
g-apis-py-api-core,1
miniz,1
argcomplete,1
keras,1
cxxopts,1
skia,4
qpid-proton,1
g-auth-library-java,1
spdk,1
go-coredns,1
pyxdg,1
opensc,1
wireshark,1
pem,1
curvesapi,1
nodejs,1
oak,1
sqlalchemy-utils,1
angus-mail,1
python-markdown,1
pcapplusplus,1
libavc,1
duckdb,1
libfido2,1
jackson-core,1
hadoop,1
yarl,1
grpc-py,1
jc,1
node-xml2js,1
gopacket,1
typing_extensions,1
spring-cloud-stream,1
opencensus-java,1
mtail,1
ngolo-fuzzing-x,1
esp-v2,1
hyperium,1
pyasn1-modules,1
croaring,1
tidb,1
librdkafka,1
wasmtime,1
gwt,1
protobuf-python,1
spring-amqp,1
mpv,1
rust-brotli,1
zstd-safe,1
xnu,1
chardet,1
llvm_libcxx,1
python-ecdsa,1
lima,1
pyodbc,1
libsass,1
ja3,1
openthread,1
xmlpull,1
fasthttp,1
magic-modules,1
starlark-rust,1
libidn2,1
brotli,1
ron,1
ntlm-auth,1
et-xmlfile,1
znc,1
suricata,1
wget2,1
toml,1
binutils,1
spatial4j,1
nss,1
feign,1
jts,1
fastjson2,1
rabbitmq-c,1
xstream,1
cgif,1
wxwidgets,1
ryu,1
netaddr-py,1
yamlbeans,1
lxc,4
knative,1
tomli,1
cups-filters,1
flac,1
lxml,1
grpc-swift,1
uint256,1
smt,1
apache-commons-configuration,1
sqlalchemy,1
cbor2,1
sql-parser,1
janet,1
tar-rs,1
weechat,1
dulwich,1
xmltodict,1
pjsip,1
mariadb-connector-j,1
rfc3967,1
dropbear,4
opendal,1
cyclonedds,1
jsonnet,1
mdurl,1
g-api-python-firestore,1
tpm2-tss,1
burntsushi-toml,1
mpg123,1
rdkit,1
boringssl,1
jsonp-api,1
spring-cloud-netflix,1
quickjs,1
tensorflow-py,1
crow,1
oss-fuzz-example,1
nanopb,1
ecdsa-python,1
java-example,1
textwrap,1
apache-axis2,1
kubernetes,1
ion-java,1
rust-regex,1
fast_float,1
libssh,1
expat,1
snappy,1
tyrus,1
guice,1
ring,1
openexr,1
astc-encoder,1
greenmail,1
apache-cxf,1
wolfssl,1
hermes,1
zip,1
openweave,1
jimp,1
scapy,4
snakeyaml,1
guetzli,1
cosign,1
pulldown-cmark,1
rauc,1
lwan,1
g-api-python-cloud-core,1
go-humanize,1
gnupg,1
bottleneck,1
jackson-databind,1
flyway,1
iroha,1
flatbuffers,1
json-smart-v2,1
tablesaw,1
pymysql,1
c-ares,1
libyaml,1
python-email-validator,1
pborman-uuid,1
zip-rs,1
javaparser,1
go-dhcp,1
dav1d,1
jsonparser,1
juju,1
glaze,1
unsafe-libyaml,1
boost,1
cbor-java,1
zt-zip,1
ntlm2,1
libusb,1
pidgin,1
freeimage,1
pyparsing,1
pyyaml,1
libdwarf,1
chrono,1
sudoers,1
bignum-fuzzer,1
wasmi,1
cert-manager,1
xmlunit,1
u-root,1
flate2-rs,1
augeas,1
boost-beast,1
jxls,1
libecc,1
go-redis,1
sigstore-python,1
python-hyperlink,1
jsoncons,1
golang-appengine,1
goipp,1
llvm_libcxxabi,1
serenity,1
python3-openid,1
json-c,1
s2opc,1
xlrd,1
okhttp,1
libexif,1
ical4j,1
graphicsmagick,1
tinyobjloader,1
rustls,1
jsqlparser,1
maven,1
libtorrent,1
gstreamer,1
go-toml,1
parsimonious,1
graphicsfuzz-spirv,1
dask,1
bazel-rules-fuzzing-test,1
spring-cloud-sleuth-brave,1
jose4j,1
click,1
keycloak,1
jwt-verify-lib,1
cpp-httplib,1
apache-logging-log4cxx,1
spring-data-redis,1
dbus-broker,4
mdbtools,1
tcmalloc,1
libyang,1
llamacpp,1
cockroachdb,1
cascadia,1
jedis,1
go-snappy,1
gpac,1
libpg_query,1
jupytext,1
glib,1
openapi-schema-validator,1
glog,1
bls-signatures,1
poppler,1
multierr,1
opendnp3,1
skipper,1
sentencepiece,1
args4j,1
ox-ruby,1
fuzzing-puzzles,1
msgpack-c,1
openslide,1
cras,4
libraw,1
migtd,1
libproxy,1
selinux,4
pdoc,1
dart,1
capnproto,1
eclipse-equinox,1
numpy,1
cel-cpp,1
kiwisolver,1
g-api-python-tasks,1
libcst,1
pffft,1
toolz,1
gdk-pixbuf,1
kimageformats,1
go-shlex,1
openvpn,1
ampproject,1
mdbook-i18n-helpers,1
curl,1
exp4j,1
mysql-connector-j,1
libucl,1
fips203,1
qdox,1
spring-boot,1
kubeedge,1
hiredis,1
botocore,1
connexion,1
image-rs,1
xpdf,1
td-shim,1
libzmq,1
distribution,1
scrypt,1
jinja2,1
json-simple,1
tinycss2,1
imagemagick,1
gdbm,1
jsch,1
py-serde,1
draco,1
cel-go,1
log4j2,1
libultrahdr,1
isodate,1
github_scarecrow,1
timestamp-authority,1
libxml2,1
tqdm,1
solidity,1
sqlite-jdbc,1
cron-utils,1
jq,1
looker-sdk,1
zstd,1
fuzztest-raksha,1
joda-time,1
zlib-ng,1
w3lib,1
gitdb,1
swagger-core,1
fastcsv,1
retry,1
askama,1
paramiko,1
jsoncpp,1
stack_data,1
vorbis,1
threetenbp,1
immer,1
requests,1
keystone,1
naga,1
rust-lexical,1
jackson-dataformat-xml,1
jansi,1
joblib,1
minizip,1
cloud-custodian,1
serde_urlencoded,1
pasta,1
rust-semver-parser,1
wt,1
qpdf,1
kubernetes-cluster-api,1
closure-library,1
libaom,1
volcano,1
django,1
jmespathpy,1
openyurt,1
myanmar-tools,1
starnix-netlink,1
python-rison,1
speex,1
metadata-extractor,1
jsonpickle,1
openjpeg,1
libtpms,1
clib,1
bson-rust,1
minify,1
liblouis,1
num-bigint,1
libvpx,1
cachetools,1
thrift,1
dragonfly,1
fastjson,1
apache-commons-imaging,1
reflections,1
lodash,1
hcl,1
libmpeg2,1
mybatis-3,1
docutils,1
wamr,1
scipy,1
htmlunit,1
libwebp,1
time,1
etcd,1
openbabel,1
charset_normalizer,1
abseil-cpp,1
httpcore,1
httpretty,1
opennavsurf-bag,1
adal,1
antlr3-java,1
fast-xml-parser,1
javacpp,1
containerd,1
jboss-logging,1
freerdp,4
firefox,1
stb,1
relic,1
json5format,1
apache-commons-geometry,1
pynacl,1
lodepng,1
lz4_flex,1
parse,1
python-prompt-toolkit,1
proton-bridge,1
arrow,1
apache-commons-codec,1
jopt-simple,1
plan9port,1
jackson-modules-java8,1
config-validator,1
rxjava,1
autopep8,1
html5lib-python,1
trafficserver,1
pycparser,1
apache-commons-bcel,1
pigweed,1
aptos-core,1
leptonica,1
go-coap,1
bzip2,1
angular,1
g-oauth-java-client,1
g-api-py-api-common-protos,1
lldb-eval,1
mrab-regex,1
openssh,1
jakarta-mail-api,1
g-api-auth-library-python,1
compress,1
pip,1
grok,1
sqlalchemy_jsonfield,1
jsoup,1
tensorflow,1
async-http-client,1
cri-o,1
grpc-httpjson-transcoding,1
wavpack,1
c-blosc2,1
unrar,1
tinyxml2,1
libprotobuf-mutator,1
runc,1
librsvg,1
cairo,1
json-patch,1
cilium,1
aspell,1
libspectre,1
bc-java,1
go-containerregistry,1
opentelemetry-go-contrib,1
libldac,1
tor,1
psycopg2,1
libtiff,1
mosquitto,1
lotus,1
airflow,1
libssh2,1
xnnpack,1
coreutils,1
g-api-python-client,1
litmuschaos,1
xmlsec,1
proftpd,1
psutil,1
meshoptimizer,1
bc-java-wycheproof,1
circl,1
parso,1
go-git,1
kubevirt,1
itsdangerous,1
maven-model,1
libjpeg-turbo,1
cryptsetup,2
bazel-rules-fuzzing-test-java,1
scorecard-web,1
spdlog,1
libxls,1
ffmpeg,1
netcdf,1
libyuv,1
oscrypto,1
mosh,1
python3-libraries,1
ipykernel,1
azure-sdk-for-python,1
sleuthkit,1
xen,1
tomlkit,1
ngolo-fuzzing,1
behaviortreecpp,1
jansson,1
lldpd,1
usbguard,1
opentelemetry-go,1
xmlbeans,1
giflib,1
serde-yaml,1
pupnp,1
ibmswtpm2,1
ftfy,1
olefile,1
wabt,1
black,1
matplotlib,1
python-pathspec,1
pandas,1
tremor,1
gcloud-error-py,1
tomlplusplus,1
mapserver,1
h2database,1
libfuse,1
bluez,1
systemd,4
pako,1
promise-polyfill,1
fribidi,1
jetty,1
wheel,1
libpsl,1
tendermint,1
fast-dds,1
cppitertools,1
fuzzywuzzy,1
httpx,1
g-cloud-logging-py,1
lame,1
imageio,1
mandelbulber,1
data-encoding,1
gc-iam,1
avahi,4
mfcmapi,1
highwayhash,1
fio,1
markdown-it-py,1
servo-core,1
proj4,1
quartz,1
postfix,1
radare2,1
g-http-java-client,1
logback,1
onednn,1
pytest-py,1
cssselect,1
arrow-java,1
iniconfig,1
ghostscript,1
hdf5,1
spice-usbredir,1
qs,1
unbound,1
javapoet,1
pulumi,1
wuffs,1
python-pypdf,1
libgit2,1
jackson-datatypes-collections,1
jimfs,1
toolbelt,1
six,1
protocompile,1
lit,1
igraph,1
tinygltf,1
elfutils,4
cura-engine,1
libmicrohttpd,1
python-rsa,1
python-multipart,1
java-jwt,1
sigstore-java,1
radon,1
pcl,1
glom,1
vtpm-td,1
cloud-hypervisor,1
knot-dns,1
tarantool,4
underscore,1
postgresql,1
helm,1
gunicorn,1
presto,1
setuptools,1
urlextract,1
g-api-pubsub,1
llhttp,1
ply,1
cppcheck,1
nbclassic,1
cups,1
golang-protobuf,1
httpcomponents-core,1
mariadb,1
simdutf,1
mbedtls,1
jmh,1
spring-data-mongodb,1
turf,1
jsc,1
irssi,1
shaderc,1
pytz,1
sonic,1
jdom,1
tinyusb,1
hugo,1
iverilog,1
valijson,1
crosvm,1
wolfmqtt,1
wpantund,1
protoc-gen-validate,1
bc-gh,1
jsonschema,1
librawspeed,1
java-uuid-generator,1
jupyter-nbconvert,1
libidn,1
halide,1
apache-poi,1
netty-tcnative,1
pygments,1
cifuzz-example,1
redis-rs,1
lcms,1
dapr,1
tungstenite-rs,1
json-flattener,1
librosa,1
fluxcd,1
spicy,1
json,1
glslang,1
osgi,1
spring-cloud-commons,1
gcloud-go,1
plexus-utils,1
joda-convert,1
go-sqlite3,1
lz4,1
tidy-html5,1
lucene,1
wasmedge,1
cfengine,1
ansible,1
piex,1
wtforms,1
syzkaller,1
zookeeper,1
lzma,1
sound-open-firmware,1
php,1
args,1
dnsmasq,1
libvnc,1
pugixml,1
micronaut,1
simd,1
util-linux,4
p9,1
qemu,1
jul-to-slf4j,1
yaml-cpp,1
go-readline,1
oauth2,1
ntp,1
mp4parse-rust,1
python-phonenumbers,1
apache-commons-text,1
rich,1
go-pprof,1
globaleaks-whistleblowing-software,1
xs,1
quiche,1
spring-data-keyvalue,1
abseil-py,1
istio-ztunnel,1
validators,1
ecc-diff-fuzzer,1
cctz,1
mupdf,1
ninja,1
jbig2dec,1
apache-commons-cli,1
ygot,1
vlc,1
powsybl-java,1
spring-cloud-config,1
defusedxml,1
groovy,1
zipp,1
spring-integration,1
apache-httpd,1
apache-commons-csv,1
image-png,1
g-api-auth-httplib2,1
ohc,1
jfreechart,1
xz,1
realm-core,1
arduinojson,1
varnish,1
surrealdb,1
matio,1
canvg,1
sqlite3,1
mccabe,1
typescript,1
e2fsprogs,1
mongoose,1
nghttp2,1
xnio-api,1
libpng,1
bz2file,1
js-yaml,1
jedi,1
inih,1
cffi,1
nettle,1
ttf-parser,1
fontations,1
evo-inflector,1
libzip,1
jupyter_server,1
janus-gateway,1
htslib,1
xbps,1
websockets,1
java-xmlbuilder,1
